Symbol,Current_Price,1D_%,2D_%,5D_%,10D_%,1M_%,3M_%,6M_%,1Y_%
AAT,18.78,-0.48,-0.11,-1.62,-2.12,3.28,0.3,-6.87,-0.76
ABR,7.67,-2.17,-3.88,-8.51,0.26,4.61,-12.15,-30.85,-29.24
ADC,79.2,-0.58,-0.81,-2.64,-1.59,3.53,12.32,9.71,9.76
AEWU.L,105.2,-1.13,-0.57,-1.31,-4.71,-2.41,-0.17,0.8,2.01
AFCG,2.63,0.0,0.0,0.38,15.35,12.39,-14.61,-40.14,-65.5
AHH,5.47,-4.04,-4.37,-12.06,-12.48,-21.41,-19.03,-23.32,-31.95
AMH,28.37,0.28,-0.59,-4.01,-4.33,-9.57,-6.03,-15.55,-15.02
API,3.83,-1.29,-4.01,-11.75,-17.99,-10.3,0.52,-1.03,-31.24
APLE,11.69,-1.52,-3.47,-3.71,-4.65,-4.74,1.32,-4.01,-7.18
ARE,48.41,-3.66,-3.51,-4.57,-10.42,-9.95,5.71,-41.11,-47.69
ARKO,5.26,-0.57,-5.23,-12.47,-17.78,-16.08,5.32,2.57,39.58
ASML,1345.69,-0.44,-2.96,4.09,-7.23,-6.26,20.38,67.86,93.0
AV.L,633.4,1.31,0.92,0.8,-7.67,2.29,-3.12,-6.25,15.75
AVB,168.96,-1.22,-1.66,-5.02,-4.67,-6.04,-3.27,-12.55,-16.66
BAC,46.72,-0.87,-3.71,-3.95,-5.71,-12.75,-13.12,-6.94,19.7
BARC.L,386.25,-0.8,-5.85,-4.43,-14.71,-16.68,-13.56,1.63,33.75
BATS.L,4519.0,1.6,3.46,5.53,-2.61,2.61,3.09,9.4,42.87
BBOX.L,151.1,-2.01,-3.44,-5.84,-12.29,-10.84,4.58,8.11,7.07
BCPT.L,104.66,9.25,9.25,10836.26,9.71,,,,
BME.L,179.0,0.28,-0.83,-0.53,-6.28,0.03,15.3,-26.65,-33.05
BMY.L,584.0,-0.34,-0.68,4.1,26.13,30.21,20.91,20.55,0.72
BNPQY,48.13,-2.31,-7.58,-4.96,-14.18,-12.55,5.99,2.86,27.18
BRK-B,490.03,-0.38,-0.72,-1.79,-2.95,-2.0,-0.08,-1.38,-1.19
COLD,11.13,-1.33,-6.0,-11.03,-16.88,-11.31,-8.89,-15.23,-43.76
CREI.L,84.4,-0.47,-0.71,0.48,-3.32,-4.74,5.12,3.98,9.27
CVX,196.82,-0.08,2.62,3.62,5.39,6.96,31.26,26.99,34.72
DPYE.L,6.16,-0.14,-0.57,-1.48,-5.2,-2.7,5.15,2.27,9.54
FORT.L,159.4,-2.69,-2.8,-5.34,-16.11,-16.19,-11.25,-16.97,-0.36
GLEN.L,518.4,-2.41,-0.96,3.1,-2.92,3.08,36.28,70.81,65.93
GSK,53.39,-1.64,-3.19,-2.05,-9.71,-7.98,11.18,30.88,42.81
HSBA.L,1180.4,-1.29,-7.23,-5.16,-15.27,-6.77,6.13,16.55,35.76
IIIV,23.19,0.83,-0.13,-1.36,3.62,5.99,-5.46,-25.55,-2.15
IUKP.L,406.15,-0.93,-1.78,-4.37,-10.66,-10.01,0.94,2.91,1.31
IWDP.L,1883.5,-2.21,-2.5,-4.27,-2.26,1.64,5.16,4.48,3.49
KHC,22.58,1.12,-2.42,-7.99,-6.71,-8.13,-5.71,-12.05,-20.72
KLAR,15.91,8.82,-3.16,15.71,17.33,-16.75,-50.51,-62.77,
KO,77.34,0.34,0.31,1.08,-4.52,-0.93,10.91,16.86,14.63
LAND.L,585.5,-1.1,-0.76,-3.78,-9.44,-10.54,0.0,5.72,4.61
LGEN.L,246.3,2.03,2.2,-3.18,-9.21,-8.44,-0.28,1.19,1.78
LLOY.L,94.18,-1.38,-4.27,-1.3,-8.07,-8.03,-0.88,11.51,35.46
MCD,326.46,0.79,0.38,-0.49,-3.75,1.57,5.72,7.08,11.56
MO,67.89,0.25,2.34,2.07,-1.67,2.99,17.79,5.86,25.85
NG,10.41,-7.38,-11.03,-13.75,-21.85,-11.55,9.23,49.14,219.33
NKE,53.98,-0.28,-3.09,-5.31,-12.61,-12.85,-17.41,-26.43,-24.8
NLY,21.86,-0.68,-2.67,-2.45,-5.94,-4.16,0.69,5.31,18.31
NRR.L,74.6,-1.19,-1.71,-1.84,-7.67,1.77,10.03,3.94,5.46
NVO,37.96,-0.16,-2.24,-1.61,1.36,-22.12,-22.61,-30.09,-47.85
NWG.L,565.2,-1.36,-3.88,-1.81,-8.69,-5.01,-8.9,5.09,28.22
O,64.44,-0.91,-0.42,-0.86,-3.82,0.31,15.23,10.06,20.81
PBR,18.57,-2.11,-2.21,5.51,11.67,17.31,51.84,46.68,57.38
PG,150.65,0.1,-1.74,-1.94,-9.9,-5.84,8.51,-3.69,-8.07
QCOM,129.82,-1.01,-3.21,-4.33,-8.22,-7.36,-28.3,-18.69,-13.05
RESI.L,53.6,-0.74,-0.37,0.0,-7.89,-4.27,-6.59,-7.87,-7.2
RGL.L,99.5,0.71,0.61,3.65,0.4,-8.53,-4.12,-19.05,-4.06
RIO,87.83,-3.16,-4.62,-2.64,-9.11,-9.28,18.42,44.37,52.15
RIO.L,6665.0,-2.63,-1.86,-1.24,-9.1,-7.54,17.28,44.88,40.99
RKT.L,5356.0,0.75,-0.59,-4.01,-17.75,-16.23,-14.67,-10.11,0.23
RR.L,1215.5,-5.3,-6.54,-3.91,-8.85,-0.86,10.5,7.57,57.59
SBUX,99.15,-1.03,-2.26,0.16,1.15,0.68,19.01,22.04,3.24
SGRO.L,722.6,-1.42,-2.85,-4.65,-14.1,-8.35,4.66,14.59,3.72
SMT.L,1182.0,-0.3,0.17,1.81,-4.48,-2.03,3.5,6.2,22.16
SPR.L,108.0,-0.92,-2.7,-6.49,-15.62,-16.6,-11.48,18.7,11.94
SUPR.L,83.8,0.96,1.45,0.36,-5.42,-1.76,7.18,6.52,10.78
THRL.L,100.8,-0.2,0.2,-1.56,-5.62,-4.0,7.25,6.81,8.69
TM,210.84,-2.65,-4.5,-3.79,-13.01,-13.17,5.01,6.68,15.8
TSCO.L,488.9,2.82,4.31,4.8,1.73,2.8,9.62,11.2,44.19
ULVR.L,4834.5,0.15,-0.24,-2.04,-11.57,-9.71,-0.38,-1.43,-0.39
UNIT,7.72,-1.28,-7.54,-4.1,5.46,-5.62,14.37,8.58,-9.58
VHYL.L,63.99,-1.31,-2.54,-5.05,-3.83,-0.48,6.58,13.54,19.41
VOD,14.41,0.7,0.07,-0.69,-6.18,-8.1,14.73,24.14,64.81
VUKG.L,54.4,-0.49,-0.6,0.02,-5.64,-0.77,6.5,11.87,25.63
WHR,57.49,0.61,-1.27,-2.16,-15.99,-37.25,-25.44,-37.86,-33.17
WHR.L,124.8,0.0,10.44,10.44,10.44,10.44,8.9,19.56,
ZIM,26.99,-0.77,-3.85,-2.95,-6.38,27.67,36.04,99.34,76.9
